[{
    "announcement":"",
    "updateInfo": {
        "latestVersion":"08/08",
        "versionLink":"https://github.com/Amraki/dolphSol-Macro",
        "updateNotes":"Something new!"
    },
    "biomes": ["Windy", "Rainy", "Snowy", "Storm", "Hell", "Starfall", "Corruption", "Null", "Glitched"],
    "scheduleItems": ["Strange Controller", "Biome Randomizer", "Lucky Potion", "Speed Potion", "Fortune Potion I", "Fortune Potion II", "Fortune Potion III", "Haste Potion I", "Haste Potion II", "Haste Potion III", "Heavenly Potion I", "Heavenly Potion II", "Merchant Teleport", "Oblivion Potion"],
    "stars": {
        "495104": {
            "name": "Undead [1/10 Undead : Devil]",
            "image": "https://static.wikia.nocookie.net/sol-rng/images/e/eb/UndeadAura.gif",             
            "rarity": 12000
        },
        "12505855": {
            "name": "Comet [From Starfall]",
            "image": "https://static.wikia.nocookie.net/sol-rng/images/2/21/CometAura.gif",
            "rarity": 12000,
            "mutations": [
                {
                    "name": "Comet",
                    "image": "https://static.wikia.nocookie.net/sol-rng/images/2/21/CometAura.gif",
                    "rarity": 120000,
                    "requirements": {
                        "is100k": 1
                    }
                }
            ]
        },
        "7946698": {
            "name": "Corrosive",
            "image": "https://static.wikia.nocookie.net/sol-rng/images/9/94/Corrosive.gif",
            "rarity": 12000,
            "cornerColor": 0,
            "mutations": [
                {
                    "name": "Astral [From Corruption]",
                    "image": "https://static.wikia.nocookie.net/sol-rng/images/c/ca/Astral_gif.gif",
                    "rarity": 267200,
                    "requirements": {
                        "is100k": 1
                    }
                },
                {
                    "name": "Astral",
                    "image": "https://static.wikia.nocookie.net/sol-rng/images/c/ca/Astral_gif.gif",
                    "rarity": 1336000,
                    "cornerColor": 0,
                    "requirements": {
                        "is1m": 1
                    }
                }
            ]
        },
        "16728645": {
            "name": "Rage : Heated",
            "image": "https://static.wikia.nocookie.net/sol-rng/images/1/14/RageHeatedAura.gif",
            "rarity": 12800
        },
        "16777215": {
            "name": "Powered",
            "image": "https://static.wikia.nocookie.net/sol-rng/images/9/9a/Powered.gif",
            "rarity": 16384
        },
        "5015039": {
            "name": "Aquatic",
            "image": "https://static.wikia.nocookie.net/sol-rng/images/a/a9/AquaticAura.gif",
            "rarity": 40000,
            "mutations": [
                {
                    "name": "Aquatic : Flame [Cutscene Replay]",
                    "image": "https://static.wikia.nocookie.net/sol-rng/images/7/7f/Aqua_flame_new_gif.gif",
                    "rarity": 4000000,
                    "requirements": {
                        "is1m": 1
                    }
                }
            ]
        },
        "5466879": {
            "name": "Starlight",
            "image": "https://static.wikia.nocookie.net/sol-rng/images/2/22/StarlightCollection.gif",
            "rarity": 50000
        },
        "16771690": {
            "name": "Star Rider",
            "image": "https://static.wikia.nocookie.net/sol-rng/images/f/fb/Star_Rider_In_Collection.png",
            "rarity": 50000
        },
        "16751631": {
            "name": "Solar",
            "image": "https://static.wikia.nocookie.net/sol-rng/images/4/41/SolarAuraNight.gif",
            "rarity": 50000,
            "mutations": [
                {
                    "name": "Solar : Solstice [From Daytime]",
                    "image": "https://static.wikia.nocookie.net/sol-rng/images/1/1c/SolarSolsticeG.gif",
                    "rarity": 500000,
                    "requirements": {
                        "is100k": 1
                    }
                },
                {
                    "name": "Solar : Solstice",
                    "image": "https://static.wikia.nocookie.net/sol-rng/images/1/1c/SolarSolsticeG.gif",
                    "rarity": 5000000,
                    "requirements": {
                        "is1m": 1
                    }
                }
            ]
        },
        "7822335": {
            "name": "Lunar",
            "image": "https://static.wikia.nocookie.net/sol-rng/images/b/b2/LunarAura.gif",
            "rarity": 50000,
            "mutations": [
                {
                    "name": "Lunar : Full Moon [From Nighttime]",
                    "image": "https://static.wikia.nocookie.net/sol-rng/images/4/40/LunarFMReworkCollection.gif",
                    "rarity": 500000,
                    "requirements": {
                        "is100k": 1
                    }
                },
                {
                    "name": "Lunar : Full Moon",
                    "image": "https://static.wikia.nocookie.net/sol-rng/images/4/40/LunarFMReworkCollection.gif",
                    "rarity": 5000000,
                    "requirements": {
                        "is1m": 1
                    }
                }
            ]
        },
        "16754944": {
            "name": "Flushed : Lobotomy",
            "image": "https://static.wikia.nocookie.net/sol-rng/images/f/f6/FlushedLobotomyAura.gif",
            "rarity": 69000
        },
        "5595647": {
            "name": "Nautilus",
            "image": "https://static.wikia.nocookie.net/sol-rng/images/e/e2/NautilusAuraNight.gif",
            "rarity": 70000
        },
        "8257503": {
            "name": "Permafrost",
            "image": "https://static.wikia.nocookie.net/sol-rng/images/1/1e/PermafrostAura.gif",
            "rarity": 73500,
            "biome": {"name": "Snowy", "factor":3}
        },
        "11035135": {
            "name": "Hazard : Rays",
            "image": "https://static.wikia.nocookie.net/sol-rng/images/c/c1/Hazard_Rays.gif",
            "rarity": 70000,
            "biome": {"name": "Corruption", "factor":5}
        },
        "8947848": {
            "name": "Stormal",
            "image": "https://static.wikia.nocookie.net/sol-rng/images/6/65/Stormal_Collection_E7.gif",
            "rarity": 90000,
            "biome": {"name": "Windy", "factor":3},
            "mutations": [

                {
                    "name": "Stormal : Hurricane [From Windy]",
                    "image": "https://static.wikia.nocookie.net/sol-rng/images/2/23/Hurricane_Collection_Quality_Max.gif",
                    "rarity": 4500000,
                    "cornerColor":263172,
                    "requirements": {
                        "is1m": 1
                    }
                },
                {
                    "name": "Stormal : Hurricane",
                    "image": "https://static.wikia.nocookie.net/sol-rng/images/2/23/Hurricane_Collection_Quality_Max.gif",
                    "rarity": 13500000,
                    "cornerColor":723723,
                    "requirements": {
                        "is1m": 1
                    }
                }
            ]
        },
        "3721688": {
            "name": "Exotic",
            "image": "https://static.wikia.nocookie.net/sol-rng/images/7/71/ExoticAura150x150.gif",
            "rarity": 99999,
            "mutations": [
                {
                    "name": "Exotic - Apex",
                    "image": "https://static.wikia.nocookie.net/sol-rng/images/0/09/Exotic_Apex_Collection_E7.gif",
                    "rarity": 49999500,
                    "cornerColor":9969005,
                    "requirements": {
                        "is1m": 1
                    }
                }
            ]
        },
        "10691144": {
            "name": "Diaboli : Void",
            "image": "https://static.wikia.nocookie.net/sol-rng/images/8/89/DiaboliVoidRework-Collection.gif",
            "rarity": 100400
        },
        "616503": {
            "name": "Jade",
            "image": "https://static.wikia.nocookie.net/sol-rng/images/0/06/JadeInCollection.gif",
            "rarity": 125000
        },
        "2447103": {
            "name": "BOUNDED",
            "image": "https://static.wikia.nocookie.net/sol-rng/images/5/52/BoundedAuraNight.gif",
            "rarity": 200000,
            "mutations": [
                {
                    "name": "BOUNDED : UNBOUND [Cutscene Replay]",
                    "image": "https://static.wikia.nocookie.net/sol-rng/images/6/65/Unbound_E7_Collection2.gif",
                    "rarity": 2000000,
                    "requirements": {
                        "is1m": 1
                    }
                }
            ]
        },
        "16740978": {
            "name": "Watermelon [Cutscene Replay]",
            "image": "https://static.wikia.nocookie.net/sol-rng/images/5/56/Watermelon_Collection.png",
            "rarity": 320000
        },
        "9937663": {
            "name": "Celestial",
            "image": "https://static.wikia.nocookie.net/sol-rng/images/6/60/CelestialAura.gif",
            "rarity": 350000,
            "mutations": [
                {
                    "name": "Celestial : Divine",
                    "image": "https://static.wikia.nocookie.net/sol-rng/images/c/c4/CelestialDivineCollection.gif",
                    "rarity": 7000000,
                    "cornerColor":2297907,
                    "requirements": {
                        "is1m": 1
                    }
                }
            ]
        },
        "5325567": {
            "name": "Galaxy [From Starfall]",
            "image": "https://static.wikia.nocookie.net/sol-rng/images/f/f8/Galaxy_Aura.gif",
            "rarity": 500000
        },
        "5390591": {
            "name": "Twilight",
            "image": "https://static.wikia.nocookie.net/sol-rng/images/b/b4/TwilightInCollection.gif",
            "rarity": 600000
        },
        "2627218": {
            "name": "Kyawthuite",
            "image": "https://static.wikia.nocookie.net/sol-rng/images/3/3b/Kyawthuite_Collection.gif",
            "rarity": 850000
        },
        "7247615": {
            "name": "Arcane [Cutscene Replay]",
            "image": "https://static.wikia.nocookie.net/sol-rng/images/8/86/Arcane_Gif_25Fps.gif",
            "rarity": 1000000,
            "mutations": [
                {
                    "name": "Arcane : Legacy OR Arcane : Dark [Cutscene Replay]",
                    "image": "https://static.wikia.nocookie.net/sol-rng/images/3/34/ArcaneLegacyAura.gif",
                    "rarity": 15000000,
                    "cornerColor": 10000536,
                    "requirements": {
                        "is1m": 1
                    }
                }
            ]
        },
        "7839231": {
            "name": "Arcane",
            "image": "https://static.wikia.nocookie.net/sol-rng/images/8/86/Arcane_Gif_25Fps.gif",
            "rarity": 1000000,
            "cornerColor": 3355443
        },
        "16744319": {
            "name": "STARSCOURGE [From Starfall]",
            "image": "https://static.wikia.nocookie.net/sol-rng/images/6/60/Starscourge_GIF.gif",
            "rarity": 1000000,
            "mutations": [
                {
                    "name": "STARSCOURGE",
                    "image": "https://static.wikia.nocookie.net/sol-rng/images/6/60/Starscourge_GIF.gif",
                    "rarity": 10000000,
                    "cornerColor": 9999251,
                    "requirements": {
                        "is1m": 1
                    }
                }
            ]
        },
        "8324736": {
            "name": "Magnetic : Reverse Polarity",
            "image": "https://static.wikia.nocookie.net/sol-rng/images/c/c2/MagneticReversePolarityCollection.gif",
            "rarity": 1024000
        },
        "3104511": {
            "name": "BOUNDED : UNBOUND",
            "image": "https://static.wikia.nocookie.net/sol-rng/images/6/65/Unbound_E7_Collection2.gif",
            "rarity": 2000000
        },
        "5334015": {
            "name": "Gravitational [Cutscene Replay]",
            "image": "https://static.wikia.nocookie.net/sol-rng/images/6/62/Gravitationalgif.gif",
            "rarity": 2000000,
            "cornerColor": 3355443
        },
        "5794559": {
            "name": "Gravitational",
            "image": "https://static.wikia.nocookie.net/sol-rng/images/6/62/Gravitationalgif.gif",
            "rarity": 2000000,
            "cornerColor": 3355443
        },
        "5411071": {
            "name": "Virtual",
            "image": "https://static.wikia.nocookie.net/sol-rng/images/8/88/VirtualReworkCollection.gif",
            "rarity": 2500000,
            "cornerColor": 3355443
        },
        "4951039": {
            "name": "Virtual [Cutscene Replay]",
            "image": "https://static.wikia.nocookie.net/sol-rng/images/8/88/VirtualReworkCollection.gif",
            "rarity": 2500000,
            "cornerColor": 3355443
        },
        "8562687": {
            "name": "Sailor [From Rainy]",
            "image": "https://static.wikia.nocookie.net/sol-rng/images/e/e2/SailorCollectionEra7.gif",
            "rarity": 3000000,
            "cornerColor": 3355443
        },
        "943242": {
            "name": "Poseidon",
            "image": "https://static.wikia.nocookie.net/sol-rng/images/d/db/PosEra7.gif",
            "rarity": 4000000,
            "biome": {"name": "Rainy", "factor":4},
            "cornerColor": 141352
        },
        "5540095": {
            "name": "Aquatic : Flame",
            "image": "https://static.wikia.nocookie.net/sol-rng/images/7/7f/Aqua_flame_new_gif.gif",
            "rarity": 4000000,
            "cornerColor": 3355443
        },
        "16775891": {
            "name": "Zeus",
            "image": "https://static.wikia.nocookie.net/sol-rng/images/4/41/Zeus_GIF.gif",
            "rarity": 4500000,
            "cornerColor": 3354906
        },
        "5721087": {
            "name": "Galaxy",
            "image": "https://static.wikia.nocookie.net/sol-rng/images/f/f8/Galaxy_Aura.gif",
            "rarity": 5000000,
            "cornerColor": 3355443
        },
        "5719807": {
            "name": "Twilight [1/2 Iridescent Memory]",
            "image": "https://static.wikia.nocookie.net/sol-rng/images/b/b4/TwilightInCollection.gif",
            "rarity": 6000000
        },
        "7808256": {
            "name": "Hades",
            "image": "https://static.wikia.nocookie.net/sol-rng/images/8/85/HadesCollection.gif",
            "rarity": 6666666,
            "biome": {"name": "Hell", "factor":6}
        },
        "9660671": {
            "name": "HYPER-VOLT",
            "image": "https://static.wikia.nocookie.net/sol-rng/images/d/d4/HpVl.gif",
            "rarity": 7500000,
            "cornerColor": 3355443
        },
        "9200127": {
            "name": "HYPER-VOLT [Cutscene Replay]",
            "image": "https://static.wikia.nocookie.net/sol-rng/images/d/d4/HpVl.gif",
            "rarity": 7500000,
            "cornerColor": 3355443
        },
        "10337023": {
            "name": "Sailor",
            "image": "https://static.wikia.nocookie.net/sol-rng/images/e/e2/SailorCollectionEra7.gif",
            "rarity": 12000000
        },
        "7642879": {
            "name": "Sailor [Cutscene Replay]",
            "image": "https://static.wikia.nocookie.net/sol-rng/images/e/e2/SailorCollectionEra7.gif",
            "rarity": 12000000,
            "cornerColor": 3355443
        },
        "8759551": {
            "name": "Arcane : Legacy OR Arcane : Dark (1/2)",
            "image": "https://static.wikia.nocookie.net/sol-rng/images/3/34/ArcaneLegacyAura.gif",
            "rarity": 15000000,
            "cornerColor": 10000536
        },
        "16722992": {
            "name": "CHROMATIC",
            "image": "https://static.wikia.nocookie.net/sol-rng/images/d/d6/Chromatic_GIF.gif",
            "rarity": 20000000,
            "cornerColor": 9975095
        },
        "13549311": {
            "name": "Ethereal",
            "image": "https://static.wikia.nocookie.net/sol-rng/images/b/bc/Etherealpretrans.gif",
            "rarity": 35000000,
            "cornerColor": 10000536
        },
        "6029232": {
            "name": "Matrix",
            "image": "https://static.wikia.nocookie.net/sol-rng/images/b/b0/MatrixCollections.gif",
            "rarity": 50000000
        },
        "6443774": {
            "name": "Twilight : Iridescent Memory",
            "image": "https://static.wikia.nocookie.net/sol-rng/images/f/fc/Twilight_-_Iridescent_Memory_Collection.gif",
            "rarity": 60000000,
            "cornerColor": 7102359
        },
        "4424014": {
            "name": "Sailor : Flying Dutchman [Cutscene Replay]",
            "image": "https://static.wikia.nocookie.net/sol-rng/images/3/39/CollectionFdRework.gif",
            "rarity": 80000000,
            "biome": {"name": "Rainy", "factor":4}
        },
        "6003022": {
            "name": "Sailor : Flying Dutchman",
            "image": "https://static.wikia.nocookie.net/sol-rng/images/3/39/CollectionFdRework.gif",
            "rarity": 80000000,
            "biome": {"name": "Rainy", "factor":4}
        },
        "6252031": {
            "name": "CHROMATIC : GENESIS",
            "image": "https://static.wikia.nocookie.net/sol-rng/images/7/72/Genesis-Collection.gif",
            "rarity": 99999999
        },
        "10078463": {
            "name": "STARSCOURGE : RADIANT",
            "image": "https://static.wikia.nocookie.net/sol-rng/images/1/16/Starscourge_Radiant_Gif2.gif",
            "rarity": 100000000,
            "biome": {"name": "Starfall", "factor":10}
        },
        "4089557": {
            "name": "Overture",
            "image": "https://static.wikia.nocookie.net/sol-rng/images/e/e8/Overture_Collection.gif",
            "rarity": 150000000
        },
        "12969215": {
            "name": "Symphony",
            "image": "https://static.wikia.nocookie.net/sol-rng/images/f/f6/Symphony_Collection.gif",
            "rarity": 175000000
        },
        "10905599": {
            "name": "IMPEACHED",
            "image": "https://static.wikia.nocookie.net/sol-rng/images/2/2f/Impeached_Collectiongifv2.gif",
            "rarity": 200000000,
            "biome": {"name": "Corruption", "factor":5}
        },
        "3906303": {
            "name": "Shard Surfer [Cutscene Replay]",
            "image": "https://static.wikia.nocookie.net/sol-rng/images/3/37/ShardSurferCollectionGifv2.gif",
            "rarity": 225000000,
            "cornerColor": 2058136,
            "biome": {"name": "Snowy", "factor":3}
        },
        "15122839": {
            "name": "ARCHANGEL",
            "image": "https://static.wikia.nocookie.net/sol-rng/images/b/bb/Archangel_GIF.gif",
            "rarity": 250000000
        },
        "5897880": {
            "name": "Overture : History",
            "image": "https://static.wikia.nocookie.net/sol-rng/images/d/d3/Overture_-_History_GIF.gif",
            "rarity": 300000000
        },
        "8328729": {
            "name": "BLOODLUST",
            "image": "https://static.wikia.nocookie.net/sol-rng/images/f/f9/BloodlustInCollection.gif",
            "rarity": 300000000,
            "biome": {"name": "Hell", "factor":6}
        },
        "2839551": {
            "name": "Abyssal Hunter",
            "image": "https://static.wikia.nocookie.net/sol-rng/images/c/ce/Abyssal_Hunter_Collection2.gif",
            "rarity": 400000000,
            "biome": {"name": "Rainy", "factor":4}
        },
        "16755767": {
            "name": "GARGANTUA",
            "image": "https://static.wikia.nocookie.net/sol-rng/images/d/de/GargantuaCollection.gif",
            "rarity": 430000000,
            "biome": {"name": "Starfall", "factor":10}
        },
        "7647801": {
            "name": "Ruins",
            "image": "https://static.wikia.nocookie.net/sol-rng/images/7/74/Ruins.collection.gif",
            "rarity": 500000000
        },
        "9747638": {
            "name": "SOVEREIGN",
            "image": "https://static.wikia.nocookie.net/sol-rng/images/0/05/Sovereign_Collection_E8.gif",
            "rarity": 750000000
        }
    }
}]
